OrderID,Date,Product,Category,Region,Quantity,Price,Revenue
1001,2024-10-08,Phone,Electronics,Arusha,1,450000,450000
1002,2024-04-14,TV,Electronics,Morogoro,3,950000,2850000
1003,2025-08-27,Printer,Electronics,Mbeya,2,250000,500000
1004,2024-04-05,Laptop,Electronics,Arusha,1,850000,850000
1005,2025-09-08,TV,Electronics,Dar,9,950000,8550000
1006,2025-10-27,Printer,Electronics,Morogoro,4,250000,1000000
1007,2024-08-13,Printer,Electronics,Mbeya,7,250000,1750000
1008,2024-01-07,Router,Electronics,Tanga,5,90000,450000
1009,2024-12-14,Tablet,Electronics,Mwanza,7,320000,2240000
1010,2024-12-10,Tablet,Electronics,Dar,4,320000,1280000
1011,2024-04-09,Phone,Electronics,Mwanza,7,450000,3150000
1012,2024-09-27,Table,Furniture,Tanga,10,120000,1200000
1013,2025-07-03,Laptop,Electronics,Dar,8,850000,6800000
1014,2025-07-19,Sofa,Furniture,Mwanza,2,400000,800000
1015,2025-08-14,Router,Electronics,Arusha,6,90000,540000
1016,2025-11-08,Phone,Electronics,Arusha,1,450000,450000
1017,2024-08-26,Chair,Furniture,Tanga,2,60000,120000
1018,2024-10-11,Phone,Electronics,Mbeya,7,450000,3150000
1019,2025-01-14,Table,Furniture,Mwanza,3,120000,360000
1020,2025-12-19,TV,Electronics,Morogoro,5,950000,4750000
1021,2025-10-12,Phone,Electronics,Arusha,10,450000,4500000
1022,2024-06-16,Printer,Electronics,Mbeya,4,250000,1000000
1023,2025-10-17,Sofa,Furniture,Morogoro,5,400000,2000000
1024,2025-12-02,Printer,Electronics,Mwanza,4,250000,1000000
1025,2024-02-02,Laptop,Electronics,Tanga,4,850000,3400000
1026,2024-10-01,Table,Furniture,Dar,7,120000,840000
1027,2024-11-18,TV,Electronics,Arusha,10,950000,9500000
1028,2025-10-20,Bed,Furniture,Mbeya,7,550000,3850000
1029,2024-05-22,Tablet,Electronics,Arusha,5,320000,1600000
1030,2024-09-26,Printer,Electronics,Morogoro,9,250000,2250000
1031,2025-08-20,Router,Electronics,Mbeya,7,90000,630000
1032,2024-05-21,Table,Furniture,Dodoma,4,120000,480000
1033,2024-02-18,Bed,Furniture,Tanga,2,550000,1100000
1034,2025-10-04,Phone,Electronics,Arusha,3,450000,1350000
1035,2024-03-06,Sofa,Furniture,Mbeya,10,400000,4000000
1036,2025-04-24,Sofa,Furniture,Dodoma,10,400000,4000000
1037,2024-01-12,Chair,Furniture,Morogoro,9,60000,540000
1038,2024-09-30,Phone,Electronics,Tanga,9,450000,4050000
1039,2024-10-27,Table,Furniture,Mbeya,2,120000,240000
1040,2024-01-04,Tablet,Electronics,Morogoro,8,320000,2560000
1041,2024-07-01,Chair,Furniture,Dodoma,9,60000,540000
1042,2025-10-16,Phone,Electronics,Dodoma,5,450000,2250000
1043,2024-06-05,Router,Electronics,Mwanza,4,90000,360000
1044,2025-06-27,Tablet,Electronics,Dar,9,320000,2880000
1045,2025-05-15,Router,Electronics,Dar,6,90000,540000
1046,2024-11-10,Phone,Electronics,Arusha,6,450000,2700000
1047,2025-08-03,Laptop,Electronics,Dar,4,850000,3400000
1048,2024-03-11,Phone,Electronics,Tanga,8,450000,3600000
1049,2024-05-11,Printer,Electronics,Morogoro,3,250000,750000
1050,2024-06-18,Bed,Furniture,Mwanza,9,550000,4950000
1051,2025-03-09,Printer,Electronics,Arusha,10,250000,2500000
1052,2025-12-31,Printer,Electronics,Mwanza,4,250000,1000000
1053,2025-03-24,Sofa,Furniture,Dodoma,6,400000,2400000
1054,2024-09-10,Bed,Furniture,Arusha,2,550000,1100000
1055,2024-01-22,Phone,Electronics,Dodoma,6,450000,2700000
1056,2025-08-25,Printer,Electronics,Arusha,4,250000,1000000
1057,2025-12-25,Laptop,Electronics,Morogoro,2,850000,1700000
1058,2024-03-10,Laptop,Electronics,Dar,4,850000,3400000
1059,2025-06-10,Table,Furniture,Arusha,2,120000,240000
1060,2024-08-07,Chair,Furniture,Dodoma,8,60000,480000
1061,2025-08-13,Tablet,Electronics,Mbeya,10,320000,3200000
1062,2025-02-20,TV,Electronics,Arusha,8,950000,7600000
1063,2025-11-05,Phone,Electronics,Mbeya,2,450000,900000
1064,2025-02-24,Table,Furniture,Mbeya,7,120000,840000
1065,2024-03-03,Laptop,Electronics,Mbeya,2,850000,1700000
1066,2024-09-11,Table,Furniture,Arusha,2,120000,240000
1067,2025-04-04,TV,Electronics,Arusha,9,950000,8550000
1068,2024-10-12,Sofa,Furniture,Mbeya,3,400000,1200000
1069,2025-03-29,TV,Electronics,Tanga,2,950000,1900000
1070,2024-02-21,Printer,Electronics,Morogoro,2,250000,500000
1071,2024-04-05,Printer,Electronics,Tanga,1,250000,250000
1072,2025-02-20,TV,Electronics,Mbeya,3,950000,2850000
1073,2025-02-14,Bed,Furniture,Dar,4,550000,2200000
1074,2024-01-03,Tablet,Electronics,Mbeya,7,320000,2240000
1075,2024-10-19,Chair,Furniture,Mbeya,8,60000,480000
1076,2024-06-07,Printer,Electronics,Arusha,8,250000,2000000
1077,2024-02-29,Chair,Furniture,Dodoma,4,60000,240000
1078,2024-11-17,Printer,Electronics,Dar,1,250000,250000
1079,2025-05-03,Laptop,Electronics,Dodoma,10,850000,8500000
1080,2024-02-28,Printer,Electronics,Dodoma,3,250000,750000
1081,2024-03-11,Phone,Electronics,Dodoma,3,450000,1350000
1082,2025-02-17,Phone,Electronics,Dar,4,450000,1800000
1083,2025-08-15,Router,Electronics,Dodoma,4,90000,360000
1084,2024-03-24,Laptop,Electronics,Mbeya,10,850000,8500000
1085,2025-06-19,Router,Electronics,Mwanza,10,90000,900000
1086,2025-11-16,Chair,Furniture,Morogoro,4,60000,240000
1087,2024-09-28,Table,Furniture,Mbeya,4,120000,480000
1088,2025-04-13,Tablet,Electronics,Mwanza,5,320000,1600000
1089,2025-04-14,Phone,Electronics,Dodoma,1,450000,450000
1090,2024-03-16,Router,Electronics,Dodoma,2,90000,180000
1091,2024-09-28,TV,Electronics,Arusha,9,950000,8550000
1092,2024-09-07,Table,Furniture,Mwanza,2,120000,240000
1093,2025-03-24,Chair,Furniture,Tanga,3,60000,180000
1094,2025-09-18,Printer,Electronics,Tanga,5,250000,1250000
1095,2025-11-14,Printer,Electronics,Tanga,1,250000,250000
1096,2025-11-10,Printer,Electronics,Dar,5,250000,1250000
1097,2024-04-28,Tablet,Electronics,Dar,5,320000,1600000
1098,2024-10-05,Printer,Electronics,Mwanza,3,250000,750000
1099,2024-12-17,Router,Electronics,Arusha,4,90000,360000
1100,2025-05-15,Chair,Furniture,Mwanza,9,60000,540000
1101,2025-10-11,Laptop,Electronics,Mbeya,2,850000,1700000
1102,2024-01-04,Chair,Furniture,Mwanza,1,60000,60000
1103,2024-06-14,Tablet,Electronics,Morogoro,5,320000,1600000
1104,2025-12-23,Bed,Furniture,Mbeya,9,550000,4950000
1105,2024-04-24,Printer,Electronics,Dar,1,250000,250000
1106,2024-02-06,Tablet,Electronics,Tanga,9,320000,2880000
1107,2025-07-19,Table,Furniture,Arusha,10,120000,1200000
1108,2024-02-12,Sofa,Furniture,Mwanza,3,400000,1200000
1109,2025-01-01,Table,Furniture,Arusha,1,120000,120000
1110,2024-12-28,TV,Electronics,Tanga,2,950000,1900000
1111,2025-09-27,Printer,Electronics,Morogoro,7,250000,1750000
1112,2024-06-15,Tablet,Electronics,Tanga,4,320000,1280000
1113,2024-01-26,Tablet,Electronics,Arusha,7,320000,2240000
1114,2025-11-16,Table,Furniture,Tanga,7,120000,840000
1115,2024-06-12,TV,Electronics,Tanga,5,950000,4750000
1116,2024-02-09,Phone,Electronics,Tanga,7,450000,3150000
1117,2024-07-23,Bed,Furniture,Tanga,4,550000,2200000
1118,2024-11-08,Bed,Furniture,Tanga,6,550000,3300000
1119,2024-01-25,TV,Electronics,Morogoro,4,950000,3800000
1120,2024-12-02,TV,Electronics,Mwanza,7,950000,6650000
1121,2024-12-25,Phone,Electronics,Morogoro,5,450000,2250000
1122,2025-11-26,Printer,Electronics,Tanga,7,250000,1750000
1123,2024-01-29,Printer,Electronics,Dar,6,250000,1500000
1124,2025-08-17,Chair,Furniture,Mwanza,3,60000,180000
1125,2025-09-02,Laptop,Electronics,Mbeya,2,850000,1700000
1126,2025-03-22,Table,Furniture,Dodoma,6,120000,720000
1127,2025-01-29,Printer,Electronics,Dodoma,2,250000,500000
1128,2024-02-15,TV,Electronics,Morogoro,5,950000,4750000
1129,2025-06-16,Sofa,Furniture,Tanga,1,400000,400000
1130,2025-01-07,Printer,Electronics,Mbeya,4,250000,1000000
1131,2025-09-30,Phone,Electronics,Mwanza,6,450000,2700000
1132,2025-06-03,Phone,Electronics,Mwanza,5,450000,2250000
1133,2025-02-16,Sofa,Furniture,Morogoro,6,400000,2400000
1134,2024-05-10,Chair,Furniture,Arusha,9,60000,540000
1135,2025-11-24,Sofa,Furniture,Morogoro,7,400000,2800000
1136,2025-08-05,Tablet,Electronics,Mwanza,10,320000,3200000
1137,2024-01-01,Sofa,Furniture,Mwanza,9,400000,3600000
1138,2025-03-16,Chair,Furniture,Tanga,4,60000,240000
1139,2025-11-01,Router,Electronics,Mwanza,10,90000,900000
1140,2025-03-28,Bed,Furniture,Morogoro,8,550000,4400000
1141,2025-04-29,TV,Electronics,Tanga,9,950000,8550000
1142,2024-10-17,Tablet,Electronics,Dodoma,2,320000,640000
1143,2024-04-05,Router,Electronics,Tanga,6,90000,540000
1144,2024-08-18,TV,Electronics,Tanga,5,950000,4750000
1145,2024-01-26,TV,Electronics,Dar,3,950000,2850000
1146,2025-09-17,TV,Electronics,Tanga,8,950000,7600000
1147,2025-02-28,Phone,Electronics,Morogoro,8,450000,3600000
1148,2025-12-14,Router,Electronics,Mbeya,4,90000,360000
1149,2024-09-06,Bed,Furniture,Arusha,7,550000,3850000
1150,2025-03-11,Laptop,Electronics,Arusha,2,850000,1700000
1151,2025-04-20,Tablet,Electronics,Dar,9,320000,2880000
1152,2024-05-04,Printer,Electronics,Mbeya,4,250000,1000000
1153,2025-11-14,Tablet,Electronics,Dodoma,8,320000,2560000
1154,2024-11-20,Printer,Electronics,Tanga,10,250000,2500000
1155,2025-05-31,Bed,Furniture,Mbeya,10,550000,5500000
1156,2024-06-11,Printer,Electronics,Morogoro,8,250000,2000000
1157,2024-09-22,Bed,Furniture,Tanga,8,550000,4400000
1158,2025-06-17,TV,Electronics,Mbeya,5,950000,4750000
1159,2025-03-26,TV,Electronics,Dar,5,950000,4750000
1160,2024-10-05,Chair,Furniture,Mwanza,4,60000,240000
1161,2024-03-23,Table,Furniture,Arusha,9,120000,1080000
1162,2025-01-27,Tablet,Electronics,Morogoro,4,320000,1280000
1163,2024-03-06,Tablet,Electronics,Mbeya,4,320000,1280000
1164,2025-07-09,Sofa,Furniture,Mbeya,6,400000,2400000
1165,2024-07-30,Sofa,Furniture,Tanga,1,400000,400000
1166,2025-08-21,Sofa,Furniture,Morogoro,7,400000,2800000
1167,2025-01-24,Laptop,Electronics,Mbeya,10,850000,8500000
1168,2024-11-01,Laptop,Electronics,Tanga,6,850000,5100000
1169,2025-07-05,Sofa,Furniture,Morogoro,7,400000,2800000
1170,2024-08-13,Printer,Electronics,Mbeya,10,250000,2500000
1171,2025-03-22,TV,Electronics,Mbeya,5,950000,4750000
1172,2024-12-10,Laptop,Electronics,Morogoro,7,850000,5950000
1173,2025-04-23,Sofa,Furniture,Arusha,3,400000,1200000
1174,2024-01-28,Router,Electronics,Mbeya,9,90000,810000
1175,2025-11-09,Router,Electronics,Dar,10,90000,900000
1176,2024-05-18,Phone,Electronics,Tanga,7,450000,3150000
1177,2024-02-21,Bed,Furniture,Mwanza,3,550000,1650000
1178,2024-08-04,Sofa,Furniture,Mbeya,6,400000,2400000
1179,2025-01-23,Table,Furniture,Mwanza,6,120000,720000
1180,2024-03-24,Sofa,Furniture,Mbeya,5,400000,2000000
1181,2024-02-23,Laptop,Electronics,Mwanza,9,850000,7650000
1182,2025-10-29,TV,Electronics,Dar,2,950000,1900000
1183,2024-07-23,Laptop,Electronics,Tanga,4,850000,3400000
1184,2024-06-05,Laptop,Electronics,Arusha,10,850000,8500000
1185,2025-11-16,Tablet,Electronics,Dar,8,320000,2560000
1186,2025-04-21,Router,Electronics,Morogoro,4,90000,360000
1187,2024-06-20,Chair,Furniture,Dodoma,6,60000,360000
1188,2024-06-16,Router,Electronics,Mwanza,2,90000,180000
1189,2024-01-27,Phone,Electronics,Mwanza,10,450000,4500000
1190,2025-02-10,Router,Electronics,Morogoro,7,90000,630000
1191,2025-08-29,TV,Electronics,Morogoro,2,950000,1900000
1192,2025-12-14,TV,Electronics,Tanga,2,950000,1900000
1193,2024-05-03,Chair,Furniture,Tanga,10,60000,600000
1194,2024-12-21,Router,Electronics,Dodoma,1,90000,90000
1195,2024-03-11,Sofa,Furniture,Dodoma,6,400000,2400000
1196,2025-03-06,Table,Furniture,Tanga,1,120000,120000
1197,2025-03-19,Bed,Furniture,Mwanza,2,550000,1100000
1198,2025-03-21,Bed,Furniture,Arusha,3,550000,1650000
1199,2025-09-22,Printer,Electronics,Tanga,5,250000,1250000
1200,2025-04-21,Printer,Electronics,Mbeya,8,250000,2000000
